{
  "mean radius": {
    "bin_edges": [
      6.981,
      10.26,
      11.366,
      12.012,
      12.726,
      13.37,
      14.058000000000002,
      15.056000000000001,
      17.067999999999998,
      19.53,
      28.11
    ],
    "reference_proportions": [
      0.09666080843585237,
      0.10369068541300527,
      0.10017574692442882,
      0.10017574692442882,
      0.0984182776801406,
      0.10017574692442882,
      0.10017574692442882,
      0.10017574692442882,
      0.0984182776801406,
      0.10193321616871705
    ]
  },
  "mean texture": {
    "bin_edges": [
      9.71,
      14.078,
      15.656,
      16.84,
      17.912,
      18.84,
      19.968,
      21.272000000000002,
      22.44,
      24.991999999999997,
      39.28
    ],
    "reference_proportions": [
      0.10017574692442882,
      0.10017574692442882,
      0.09666080843585237,
      0.10369068541300527,
      0.0984182776801406,
      0.10017574692442882,
      0.10017574692442882,
      0.0984182776801406,
      0.10193321616871705,
      0.10017574692442882
    ]
  },
  "mean perimeter": {
    "bin_edges": [
      43.79,
      65.83,
      73.292,
      77.36,
      81.938,
      86.24,
      91.42,
      98.2,
      111.68,
      129.1,
      188.5
    ],
    "reference_proportions": [
      0.10017574692442882,
      0.10017574692442882,
      0.10017574692442882,
      0.10017574692442882,
      0.0984182776801406,
      0.10017574692442882,
      0.10017574692442882,
      0.10017574692442882,
      0.0984182776801406,
      0.10193321616871705
    ]
  },
  "mean area": {
    "bin_edges": [
      143.5,
      321.6,
      396.56,
      444.06000000000006,
      496.44,
      551.1,
      609.74,
      700.6600000000001,
      915.0600000000003,
      1177.3999999999999,
      2501.0
    ],
    "reference_proportions": [
      0.0984182776801406,
      0.10193321616871705,
      0.10017574692442882,
      0.10017574692442882,
      0.0984182776801406,
      0.10017574692442882,
      0.10017574692442882,
      0.10017574692442882,
      0.10017574692442882,
      0.10017574692442882
    ]
  },
  "mean smoothness": {
    "bin_edges": [
      0.05263,
      0.079654,
      0.08420599999999999,
      0.087914,
      0.091828,
      0.09587,
      0.099338,
      0.10326,
      0.1075,
      0.11482,
      0.1634
    ],
    "reference_proportions": [
      0.10017574692442882,
      0.10017574692442882,
      0.10017574692442882,
      0.10017574692442882,
      0.0984182776801406,
      0.10017574692442882,
      0.10017574692442882,
      0.0984182776801406,
      0.10193321616871705,
      0.10017574692442882
    ]
  },
  "mean compactness": {
    "bin_edges": [
      0.01938,
      0.0497,
      0.059638000000000004,
      0.07039000000000001,
      0.07952999999999999,
      0.09263,
      0.10874000000000002,
      0.12242,
      0.14190000000000005,
      0.17545999999999998,
      0.3454
    ],
    "reference_proportions": [
      0.10017574692442882,
      0.10017574692442882,
      0.10017574692442882,
      0.10017574692442882,
      0.0984182776801406,
      0.10017574692442882,
      0.10017574692442882,
      0.10017574692442882,
      0.10017574692442882,
      0.10017574692442882
    ]
  },
  "mean concavity": {
    "bin_edges": [
      0.0,
      0.013686,
      0.02493,
      0.03440000000000002,
      0.04507,
      0.06154,
      0.08621200000000001,
      0.11192000000000002,
      0.14978000000000005,
      0.20304,
      0.4268
    ],
    "reference_proportions": [
      0.10017574692442882,
      0.10017574692442882,
      0.10017574692442882,
      0.10017574692442882,
      0.0984182776801406,
      0.10017574692442882,
      0.10017574692442882,
      0.10017574692442882,
      0.10017574692442882,
      0.10017574692442882
    ]
  },
  "mean concave points": {
    "bin_edges": [
      0.0,
      0.011158,
      0.017866,
      0.022788000000000003,
      0.027982,
      0.0335,
      0.04831800000000001,
      0.06449600000000001,
      0.08425400000000002,
      0.10042,
      0.2012
    ],
    "reference_proportions": [
      0.10017574692442882,
      0.10017574692442882,
      0.10017574692442882,
      0.10017574692442882,
      0.0984182776801406,
      0.10017574692442882,
      0.10017574692442882,
      0.10017574692442882,
      0.10017574692442882,
      0.10017574692442882
    ]
  },
  "mean symmetry": {
    "bin_edges": [
      0.106,
      0.14958000000000002,
      0.15876,
      0.16508,
      0.172,
      0.1792,
      0.18548,
      0.1928,
      0.20054000000000002,
      0.21494000000000002,
      0.304
    ],
    "reference_proportions": [
      0.10017574692442882,
      0.10017574692442882,
      0.10017574692442882,
      0.09666080843585237,
      0.10017574692442882,
      0.10193321616871705,
      0.0984182776801406,
      0.10193321616871705,
      0.10017574692442882,
      0.10017574692442882
    ]
  },
  "mean fractal dimension": {
    "bin_edges": [
      0.04996,
      0.055338,
      0.056864,
      0.05884,
      0.060204,
      0.06154,
      0.063148,
      0.06504800000000001,
      0.06763000000000001,
      0.072266,
      0.09744
    ],
    "reference_proportions": [
      0.10017574692442882,
      0.10017574692442882,
      0.0984182776801406,
      0.10193321616871705,
      0.0984182776801406,
      0.10017574692442882,
      0.10017574692442882,
      0.10017574692442882,
      0.10017574692442882,
      0.10017574692442882
    ]
  },
  "radius error": {
    "bin_edges": [
      0.1115,
      0.18308,
      0.21928,
      0.24604000000000004,
      0.28020000000000006,
      0.3242,
      0.3694600000000002,
      0.43102,
      0.5461400000000001,
      0.7488799999999999,
      2.873
    ],
    "reference_proportions": [
      0.10017574692442882,
      0.10017574692442882,
      0.10017574692442882,
      0.10017574692442882,
      0.0984182776801406,
      0.10017574692442882,
      0.10017574692442882,
      0.10017574692442882,
      0.10017574692442882,
      0.10017574692442882
    ]
  },
  "texture error": {
    "bin_edges": [
      0.3602,
      0.6404,
      0.7806000000000001,
      0.9021,
      1.0051999999999999,
      1.108,
      1.2388000000000001,
      1.3882,
      1.5612000000000001,
      1.9094,
      4.885
    ],
    "reference_proportions": [
      0.10017574692442882,
      0.10017574692442882,
      0.10017574692442882,
      0.10017574692442882,
      0.09666080843585237,
      0.10193321616871705,
      0.10017574692442882,
      0.10017574692442882,
      0.10017574692442882,
      0.10017574692442882
    ]
  },
  "perimeter error": {
    "bin_edges": [
      0.757,
      1.2802,
      1.5166,
      1.7408000000000001,
      2.0394,
      2.287,
      2.5908,
      3.0502000000000002,
      3.7678000000000003,
      5.1232,
      21.98
    ],
    "reference_proportions": [
      0.10017574692442882,
      0.10017574692442882,
      0.10017574692442882,
      0.10017574692442882,
      0.0984182776801406,
      0.10017574692442882,
      0.10017574692442882,
      0.10017574692442882,
      0.10017574692442882,
      0.10017574692442882
    ]
  },
  "area error": {
    "bin_edges": [
      6.802,
      13.16,
      16.64,
      19.038000000000004,
      21.078000000000003,
      24.53,
      29.322000000000006,
      38.43000000000001,
      54.088,
      91.31399999999998,
      542.2
    ],
    "reference_proportions": [
      0.10017574692442882,
      0.09666080843585237,
      0.10369068541300527,
      0.10017574692442882,
      0.0984182776801406,
      0.10017574692442882,
      0.10017574692442882,
      0.10017574692442882,
      0.10017574692442882,
      0.10017574692442882
    ]
  },
  "smoothness error": {
    "bin_edges": [
      0.001713,
      0.004224,
      0.0048709999999999995,
      0.0054174,
      0.005843,
      0.00638,
      0.006944000000000003,
      0.0077734,
      0.0088284,
      0.010409999999999999,
      0.03113
    ],